{
    "one": {
        "camera_matrix": [
            [
                461.8277757650026,
                0.0,
                299.0040895561879
            ],
            [
                0.0,
                463.6348793221993,
                259.4575247705167
            ],
            [
                0.0,
                0.0,
                1.0
            ]
        ],
        "camera_distortion": [
            [
                -0.03226666879694762,
                0.07598934046870774,
                0.002432014674531082,
                -0.0018907738594413706,
                -0.028186893319773657
            ]
        ],
        "model": "pinhole"
    },
    "two": {
        "left_camera_matrix": [
            [
                456.75627548740187,
                0.0,
                317.7592514339717
            ],
            [
                0.0,
                458.3005878167437,
                255.40805371263454
            ],
            [
                0.0,
                0.0,
                1.0
            ]
        ],
        "right_camera_matrix": [
            [
                456.3756265669421,
                0.0,
                300.40133255272093
            ],
            [
                0.0,
                457.76254378276053,
                258.78156176732176
            ],
            [
                0.0,
                0.0,
                1.0
            ]
        ],
        "left_distortion": [
            [
                -0.010695160379681438,
                0.0013668922519848832,
                0.002933637099586766,
                -0.002395085541222422,
                0.06175244575644063
            ]
        ],
        "right_distortion": [
            [
                -0.02707158380817524,
                0.027895411374164087,
                0.0015744144275039367,
                -0.0009691116543216437,
                0.04869121571485471
            ]
        ],
        "R": [
            [
                0.999929679819521,
                -0.00026031979399163645,
                0.011856122875345858
            ],
            [
                0.00023417494168774625,
                0.9999975382301763,
                0.002206512108191698
            ],
            [
                -0.011856668087077783,
                -0.002203580538979046,
                0.999927279183182
            ]
        ],
        "T": [
            -60.361892747014394,
            0.169031553995151,
            -2.5491246876027556
        ],
        "model": "pinhole"
    },
    "eyeinhand": {
        "RT_camera2end": [
            [
                -0.07521576030012089,
                -0.9971227323992556,
                -0.009425812172803786,
                -0.009805015990658403
            ],
            [
                0.9971239073613546,
                -0.07512096297475401,
                -0.010037643656276962,
                0.02863562078467894
            ],
            [
                0.009300686582156761,
                -0.010153691663028888,
                0.9999051953933995,
                0.04015526127360884
            ],
            [
                0.0,
                0.0,
                0.0,
                1.0
            ]
        ]
    }
}